product_id,product_name,category,sub_category,link,image,price,rating,description
190,"รo ba lแป thun gรขn ,form body tรดn dรกng",Thแปi Trang Nam,รo Ba Lแป,https://shopee.vn/%C3%81o-ba-l%E1%BB%97-thun-g%C3%A2n-form-body-t%C3%B4n-d%C3%A1ng-i.83496725.6939920023?sp_atk=887ef2fb-5f8a-43ac-99b7-3267848ec9fc,https://cf.shopee.vn/file/2c1ca03f5dc42f316fdfaa1d5d327f95_tn,86250,4.9,"Danh Mแปฅc
Shopee
Thแปi Trang Nam
รo Ba Lแป
Chiแปu dรi tay รกo
Khรกc
Phong cรกch
Thแป thao, Cฦก bแบฃn, ฤฦฐแปng phแป, Nhiแปt ฤแปi
Tall Fit
Cรณ
Xuแบฅt xแปฉ
Viแปt Nam
Dรกng kiแปu รกo
รm sรกt
Chแบฅt liแปu
Cotton
Mแบซu
Sแปc tฤm cรณ gรขn nแปi
Kho hรng
75317
Gแปญi tแปซ
Bร Rแปa - Vลฉng Tรu

BEST TANK TOPS FOR MEN  2021

รo Ba Lแป Quแปc Dรขn Cho Nam 
โโโโโโโโโโโโโโโโโ
Bแบฃng size :
Size M : 45kg-50kg
Size L :  55kg -60kg 
Size XL : 65kg- 70kg
Size XXL : 75kg - 80kg 

(Bแบฃng size nรy lร chuแบฉn mแบทc kiแปu body nha quรฝ khรกch cรฒn nแบฟu khรกch nรo khรดng thรญch mแบทc รดm thรฌ tฤng lรชn 1 size nhรฉ cรฒn muแปn mแบทc rแปng rแปng thรฌ tฤng lรชn 2 size 
bแบฃng size chแป mang tรญnh chแบฅt tham khแบฃo vรฌ cรณ nhiแปu khรกch thแป hรฌnh khรดng ฤฦฐแปฃc cรขn ฤแปi .ฤแป ฤฦฐแปฃc tฦฐ vแบฅn chรญnh xรกc vui lรฒng inbox cho shop nhรฉ)

Kรญch thฦฐแปc :
Size M: dรi 66cm      Rแปng :39cm   (vรฒng ngแปฑc 78cm)
Size  L: dรi 68cm.     Rแปng : 43cm  (vรฒng ngแปฑc 86cm)
Size  XL:dรi 70cm     Rแปng : 47cm  (vรฒng ngแปฑc 94cm)
Size  2XL: dรi 72cm  Rแปng : 51cm   (vรฒng ngแปฑc 102cm)

Vรฒng nรกch : 
M : dรi 25cm
L : dรi 27cm
XL: dรi 29cm
XXL : dรi 31cm

Bแบฃng size trรชn lร mแบทc vแปซa cฦก thแป (khรดng quรก รดm sรกt cลฉng khรดng bแป rแปng quรก vแปซa vแปซa ngฦฐแปi) tuแปณ vรo sแป thรญch mแปi ngฦฐแปi nแบฟu bแบกn cรณ body chuแบฉn 6 mรบi muแปn mแบทc รดm sรกt thรฌ hแบก xuแปng 1 size , nแบฟu muแปn mแบทc rแปng rรฃi thoแบฃi mรกi thรฌ tฤng thรชm 1 size nhรฉ!
Bแบฃng size chแป mang tรญnh chแบฅt tham khแบฃo nรณ chแป tฦฐฦกng ฤแปi chแปฉ khรดng chรญnh xรกc tuyแปt ฤแปi nha khรกch vรฌ phแปฅ thuแปc vรo cฦก ฤแปa mแปi ngฦฐแปi khรกc nhau . Mแปi trฦฐแปng hแปฃp thแบฏc mแบฏc vแป size sแบฃn phแบฉm , quรฝ khรกch vui lรฒng nhแบฏn tin cho shop ฤแป ฤฦฐแปฃc tฦฐ vแบฅn chรญnh xรกc nhแบฅt! 

รo ba lแป thun gรขn ,mแปt mแบซu รกo basic thiแบฟt yแบฟu vร tiแปn lแปฃi, hแบงu nhฦฐ ฤฦฐแปฃc tแบฅt cแบฃ phรกi mแบกnh trรชn toรn thแบฟ giแปi ฤแปu rแบฅt ฦฐa chuแปng , cแปฑc kแปณ yรชu thรญch vร tแบฅt nhiรชn cรกc chรng trai Viแปt Nam cแปงa chรบng ta cลฉng khรดng ngoแบกi lแป !

Ngoรi nhแปฏng ฦฐu ฤiแปm chรญnh nhฦฐ: trแบป trung nฤng ฤแปng , khรดng lแปi thแปi , ฤฦกn giแบฃn dแป mแบทc , chแบฅt vแบฃi thun cotton thแบฅm hรบt tแปt , ฤแป co giรฃn ฤรn hแปi cao nhแปฏng sแปฃi gรขn vแบฃi nแปi giรบp tฤng thรชm sแปฑ cรก tรญnh vร khแปe khoรกn cho ngฦฐแปi mแบทc โฆ thรฌ ฤiแปm nhแบฅn ฤรณ chรญnh lร form รกo cแปฑc ฤแบนp tรดn vinh lรชn vรณc dรกng ,giรบp nhแปฏng chรng trai trแป nรชn tแปฑ tin hฦกn cuแปn hรบt hฦกn! 

Cรณ thแป mix vแปi รกo khoรกc , รกo vรฉt โฆmแบทc แป nhร , ฤi chฦกi , ฤi gym, du lแปch ..

chแบฅt vแบฃi Shop xin cam kแบฟt giแปng nhฦฐ hรฌnh แบฃnh Shop ฤฤng bรกn , vแบฃi ฤแบนp vร ฤanh , cแปฉng fom, khรดng nhรฃo , khรดng chแบฃy , khรดng bรจo nhรจo  โฆ
khi nhแบญn hรng nแบฟu sแบฃn phแบฉm  khรดng giแปng mรด tแบฃ quรฝ khรกch ฤฦฐแปฃc quyแปn bแบฅm trแบฃ hรng hoรn tiแปn !"
191,"รo Ba Lแป Nam Trแบฏng Chแบฅt Cotton Siรชu Mรกt, Siรชu ฤแบนp",Thแปi Trang Nam,รo Ba Lแป,https://shopee.vn/%C3%81o-Ba-L%E1%BB%97-Nam-Tr%E1%BA%AFng-Ch%E1%BA%A5t-Cotton-Si%C3%AAu-M%C3%A1t-Si%C3%AAu-%C4%90%E1%BA%B9p-i.170393318.2662407578?sp_atk=1c63002b-43ec-41f4-b681-b6d1b8cc6d5f,https://cf.shopee.vn/file/c7ea4c6574dc79be6b266b9d69b49abc_tn,26800,4.9,"Danh Mแปฅc
Shopee
Thแปi Trang Nam
รo Ba Lแป
Xuแบฅt xแปฉ
Viแปt Nam
Tรชn tแป chแปฉc chแปu trรกch nhiแปm sแบฃn xuแบฅt
Azman
ฤแปa chแป tแป chแปฉc chแปu trรกch nhiแปm sแบฃn xuแบฅt
Phรบ Lรฃm - Hร ฤรดng - Hร Nแปi
Kho hรng
61911
Gแปญi tแปซ
Hร Nแปi

Chแบฅt liแปu 100 % cotton ( vแบฃi bรดng) ฤem ฤแบฟn sแปฑ mแปm mแบกi, thoรกng khรญ, thแบฅm hรบt mแป hรดi tแปt, giรบp bแบกn khi mแบทc sแบฝ luรดn cแบฃm thแบฅy thแปa mรกi vร tแปฑ tin.
- Co giรฃn tแปt, khรดng gรขy vแบฟt lแบฑn trรชn da, khรดng gรขy sแปฑ khรณ chแปu khi mแบทc.
- รo ฤฦฐแปฃc thiแบฟt kแบฟ ฤฦกn giแบฃn, dแป mแบทc cho nam giแปi phong cรกch nฤng ฤแปng vร khแปe khoแบฏn hฦกn.
- Sแบฃn phแบฉm ฤฦฐแปฃc sแบฃn xuแบฅt tแบกi viแปt nam, an toรn vร khรดng gรขy hแบกi tแปi sแปฉc khแปe
#aolot #aonot #aothun #aothunin #aothuntrang #aobalo #ao3lo #aophongbalo #aothunhanquoc #aothuncotron #aothunnam #aothunnamdep #aothundongphuc#aothuntron #aothundep"
192,"รo Ba Lแป Nam Tyasuo chแบฅt vแบฃi co dรฃn mรกt, khรดng xรน, mแปm mแปn",Thแปi Trang Nam,รo Ba Lแป,https://shopee.vn/%C3%81o-Ba-L%E1%BB%97-Nam-Tyasuo-ch%E1%BA%A5t-v%E1%BA%A3i-co-d%C3%A3n-m%C3%A1t-kh%C3%B4ng-x%C3%B9-m%E1%BB%81m-m%E1%BB%8Bn-i.261283690.6633666489?sp_atk=41f99130-acec-49d7-b19c-5be008ac13d8,https://cf.shopee.vn/file/6f93bcda10efe374f8cc002f238532b8_tn,39500,4.8,"Danh Mแปฅc
Shopee
Thแปi Trang Nam
รo Ba Lแป
Thฦฐฦกng hiแปu
Tyasuo
Chiแปu dรi tay รกo
Khรดng tay
Phong cรกch
Thแป thao, Cฦก bแบฃn, ฤฦฐแปng phแป
Tall Fit
Cรณ
Xuแบฅt xแปฉ
Viแปt Nam
Dรกng kiแปu รกo
Rแปng
Mแบซu
Trฦกn
Rแบฅt lแปn
Cรณ
Chแบฅt liแปu
Thun TC
Tรชn tแป chแปฉc chแปu trรกch nhiแปm sแบฃn xuแบฅt
Tyasuo Shop
ฤแปa chแป tแป chแปฉc chแปu trรกch nhiแปm sแบฃn xuแบฅt
P.Long Trฦฐแปng, Tp.Thแปง ฤแปฉc, Hแป Chรญ Minh
Kho hรng
591
Gแปญi tแปซ
TP. Hแป Chรญ Minh

Update 04/2022 : Tแปซ gรณp รฝ cแปงa khรกch hรng trong nฤm 2021 shop ฤรฃ cแบฃi thiแปn hoรn toรn chแบฅt vแบฃi vร form รกo, hiแปn tแบกi sแบฃn phแบฉm  ฤรฃ chแบฅt lฦฐแปฃng:  ""Mแบทc mรกt, vแบฃi mแปm mแปn vร ฤแบทt biแปt KHรNG NHรO, KHรNG Xร, hแบงu nhฦฐ khรดng nhฤn ""

Thรnh phแบงn :
โข Chแบฅt liแปu thun TC:   Cotton 65% cotton, 35 % polyester vร pha chรบt Spandex ฤแป รกo cรณ ฤแป co dรฃn ngang
โข รo cรณ cแป viแปn nhแป nhฦฐ แบฃnh mรด tแบฃ. 
โข Form รกo thoแบฃi mรกi cรณ big size
โข ฤแบทc tรญnh : Mแปm mแปn, co dรฃn 2 chiแปu, khรดng xรน,khรดng nhรฃo, mแบทt mรกt
Lฦฐu รฝ : Mรu sแบฏc sแบฃn phแบฉm chรชnh lแปch 5% so vแปi thแปฉc tแบฟ nhรฌn bแบฑng mแบฏt thฦฐแปng.

Kแบฟt luแบญn : Sแบฃn phแบฉm thuแปc phรขn khรบc hรng giรก rแบป phรน hแปฃp vแปi giรก thรnh nรชn khรณ cรณ thแป ฤรกp แปฉng ฤฦฐแปฃc yรชu cแบงu cao, nhฦฐng cฦก bแบฃn thรฌ rแบฅt แปn so vแปi cรกc sแบฃn phแบฉm cรนng phรขn khรบc khรกc. Nแบฟu quรฝ khรกch cแบงn dรฒng cao cแบฅp, hรng tแปt hฦกn hรฃy cรขn nhแบฏc vร tham khแบฃo cรกc mแบซu "" Cotton cao cแบฅp 4 chiแปu vร Thun 4 chiแปu cao cแบฅp"" cแปงa shop. 

HฦฏแปNG DแบชN CHแปN SIZE รO: ( Update ngรy 15.10.2021)
โข Shop update  file แบฃnh mรด tแบฃ chiแปu dรi vร rแปng รกo, ฤแป chแบฏc chแบฏn nhแบฅt, quรฝ khรกch cรณ thแป ฤo รกo แป nhร ""bแป ngang"" รกo ฤแป lแปฑa chแปn size phรน hแปฃp. Thรดng sแป kg chแป  mang tรญnh chแบฅt tham khแบฃo

M : dฦฐแปi 45kg ( Ngang รกo 46cm)
L: 45-55Kg ( Ngang รกo 48cm)
XL : 55-65kg ( Ngang รกo 52cm)
2XL : 65-75Kg ( Ngang รกo 54cm)
3XL : 75-85kg ( Ngang รกo 56cm)
4XL: 85-110kg ( Ngang รกo 58cm)
-------------------------------------------------
Thรดng tin hรng hรณa
- Xuแบฅt xแปฉ: Viแปt Nam
- Chแปu trรกch nhiแปm sแบฃn phแบฉm: Tyasuo Shop
- ฤแปa chแป :47 Trฦฐแปng lฦฐu - Long Trฦฐแปng -Thแปง ฤแปฉc - Hแป Chรญ Minh
Hantag
#3lo #balo #ao3lo #aobalo #thoitrangnam #aonam #cotton #aocotton #aobalonam #ao3lonam #aolotnam #tanktop #aothethaonam #balonam #ba lแป nam #ao_ba_lo #tanktopnam #aotanktop #aobalonu #ao3lonu #tanktopnu #aothuntanktop #aothunbalo #aothunbalonam #aothunbalonu #ao3longoaico #aothunngoaico #aobalongoaico #aobalobigsize #ao3lobigsize รobalแปnam #รo3lแปnam #รosรกtnรกchnam #รo #รobalแป #รo3lแป #รotแบญpgymnam #รonamฤแบนp #รogym #รothunnam #รobalแปnamฤแบนp #3lแปnam #balแปnam #caocแบฅp #chรญnhhรฃng #deal1k #aobalonam #ao3lonam #aothunnam #thunnamdep #aobalo #ao3lo #aosatnach #aotapgym #aothethao #aomuahe "
193,รO BA Lแป HรNG VIแปT NAM 100% COTTON,Thแปi Trang Nam,รo Ba Lแป,https://shopee.vn/%C3%81O-BA-L%E1%BB%96-H%C3%80NG-VI%E1%BB%86T-NAM-100-COTTON-i.2657897.1983825814?sp_atk=e0d2a0b1-791e-4718-83ed-f87ed34ce0b0,https://cf.shopee.vn/file/1d7ed5e34bff8bc8b49a80bb7f7e7003_tn,16500,4.8,"Danh Mแปฅc
Shopee
Thแปi Trang Nam
รo Ba Lแป
Chแบฅt liแปu
Cotton
Kho hรng
7981
Gแปญi tแปซ
Hร Nแปi

--------------------รo Ba Lแป Nam CAO CแบคP 100% Cotton Mแบทc nhร-----------------------
Hรng chแบฅt liแปu 100% cotton, mแบทt vแบฃi mแปn, thoรกng khรญ, co giรฃn tแปt, cรณ khแบฃ nฤng thแบฅm hรบt nฦฐแปc cao, thoรกt nฦฐแปc nhanh khรด, ฤem lแบกi cแบฃm giรกc thoแบฃi mรกi, tแปฑ tin cho ngฦฐแปi sแปญ dแปฅng, quy trรฌnh xแปญ lรฝ vแบฃi an toรn, khรดng ฤแปc hแบกi, khรดng gรขy kรญch แปฉng da.
รo cรณ thแป mแบทc lรณt trong sฦก mi hay mแบทc ฤi thแป thao,trong nhร ฤแปu ฤฦฐแปฃc. Kiแปu giรกng ฤฦกn giแบฃn phรน hแปฃp vแปi ฤแบกi ฤa sแป.

รo cรณ size M, L, XL (2L), XXL (3L)
Size M : ngแปฑc 85-93, cao 160-165, 50-60kg
Size L: ngแปฑc 93-101, cao 165-170, 60-65kg
Size 2L: ngแปฑc 101-109, cao 170-175, 66-75kg

#aothun #aobalo #chatcotton"
194,รo Thun Nam Thแป Thao Ba Lแป Mแบซu Mแปi Siรชu ฤแบนp (BL09),Thแปi Trang Nam,รo Ba Lแป,https://shopee.vn/%C3%81o-Thun-Nam-Th%E1%BB%83-Thao-Ba-L%E1%BB%97-M%E1%BA%ABu-M%E1%BB%9Bi-Si%C3%AAu-%C4%90%E1%BA%B9p-(BL09)-i.68010081.4248638345?sp_atk=7618e589-1f31-4101-8cbe-7b6ef5e9b166,,45000,4.8,"Danh Mแปฅc
Shopee
Thแปi Trang Nam
รo Ba Lแป
Chiแปu dรi tay รกo
Khรดng tay
Phong cรกch
Thแป thao
Kho hรng
114926
Gแปญi tแปซ
Hร Nแปi

Thรดng tin sแบฃn phแบฉm:รo Thun Nam Thแป Thao Ba Lแป Mแบซu Mแปi Siรชu ฤแบนp
- Chแบฅt liแปu: vแบฃi thun lแป kim thแป thao cao cแบฅp
- Kiแปu dรกng: slimfit (body)
- Thoรกng mรกt, thแบฅm hรบt mแป hรดi tแปt
- Size: M, L, XL ; Xl
Size : 
+ M : dฦฐแปi 55kg
+ L : dฦฐแปi 60kgkg
+ XL: dฦฐแปi 70kgkg
+ 2XL: dฦฐแปi 80kg
------------------------
Lฦฐu รฝ: Quรฝ khรกch vui lรฒng chแปn ฤรบng size vร mรu sแบฏc theo hแป thแปng. Ko giแบฃi quyแบฟt cรกc trฦฐแปng hแปฃp ฤแบทt 1 mรu ghi chรบ vร inbox lแบกi lร mรu vร size khรกc. Xin cแบฃm ฦกn.
***************************************************** 
 Hรng hoรn toรn ฤรบng nhฦฐ trong แบฃnh hoแบทc quแบฃng cรกo
  Cam kแบฟt ฤแบฃm bแบฃo chแบฅt lฦฐแปฃng cแปฑc kรฌ tแปt
  ฤแปi hรng ngay nแบฟu sแบฃn phแบฉm bแป lแปi
  Giao hรng nhanh chรณng, nhแบญn hรng tแปซ 2-3 ngรy
 IV. ฤฦN Vแป SแบขN XUแบคT - XUแบคT NHแบฌP KHแบจU โ 
Sแบฃn xuแบฅt tแบกi: Viแปt Nam โ Thฦฐฦกng hiแปuThe 511 men 
ฤแปa chแป: 272 thanh bรฌnh- mแป lao โ hร ฤรดng

โก SHIP COD TOรN QUแปC 
โก NHแบฌN HรNG TRฦฏแปC - TRแบข TIแปN SAU 
*** CAM KแบพT: ฤแปi trแบฃ hรng MIแปN PHร khi Shop giao nhแบงm mรu nhแบงm size
#รกo_thun #รกo_thun_tแบญp_gym #รกo_ba_lแป #รกo_ba_lแป_nam #รกo_ba_lแป_tแบญp_gym #รกo_tแบญp_gym #รกo_gym #ao_thun #ao_thun_tap_gym #ao_ba_lo #ao_ba_lo_nam #ao_ba_lo_tap_gym #ao_tap_gym #ao_gym"
195,"รo ba lแป nam thแป thao sรกt nรกch co giรฃn thแบฅm hรบt mแป hรดi, chแบฅt liแปu cotton siรชu mรกt, ฤฦฐแปng may kฤฉ, hรng cao cแบฅp",Thแปi Trang Nam,รo Ba Lแป,https://shopee.vn/%C3%81o-ba-l%E1%BB%97-nam-th%E1%BB%83-thao-s%C3%A1t-n%C3%A1ch-co-gi%C3%A3n-th%E1%BA%A5m-h%C3%BAt-m%E1%BB%93-h%C3%B4i-ch%E1%BA%A5t-li%E1%BB%87u-cotton-si%C3%AAu-m%C3%A1t-%C4%91%C6%B0%E1%BB%9Dng-may-k%C4%A9-h%C3%A0ng-cao-c%E1%BA%A5p-i.60739433.5079851645?sp_atk=3aafeba5-bbb7-4a2b-bfe6-796828f45310,,65000,4.9,"Danh Mแปฅc
Shopee
Thแปi Trang Nam
รo Ba Lแป
Tรชn tแป chแปฉc chแปu trรกch nhiแปm sแบฃn xuแบฅt
Cรดng ty ฤแบงu tฦฐ vร XNK Vinagreentech
ฤแปa chแป tแป chแปฉc chแปu trรกch nhiแปm sแบฃn xuแบฅt
Lai Xรก, Kim Chung, Hoรi ฤแปฉc, Hร Nแปi
Kho hรng
11295
Gแปญi tแปซ
Hร Nแปi

Thรดng tin sแบฃn phแบฉm รกo thแป thao nam:
- Chแบฅt liแปu thun mแปm mแบกi co giรฃn tแปt , thoรกng mรกt
- รo thแป thao nam ฤฦฐแปฃc thiแบฟt kแบฟ theo ฤรบng form chuแบฉn cแปงa nam giแปi Viแปt Nam
- Thiแบฟt kแบฟ thแปi trang phรน hแปฃp xu hฦฐแปng hiแปn nay
- Kiแปu dรกng ฤa phong cรกch
- ฤฦฐแปng may tinh tแบฟ sแบฏc sแบฃo
- Aฬo thun ฤฦฐฦกฬฃc thiรชฬt kรชฬ vรชฬ ฤeฬฃp treฬ trung nฤng ฤรดฬฃng nhฦฐng khรดng keฬm phรขฬn mแบกnh mแบฝ.
- Aฬo ฤฦฐฦกฬฃc thiรชฬt kรชฬ ฤeฬฃp, chuรขฬn form, ฤฦฐฦกฬng may sฤฬc xaฬo, vaฬi daฬy, miฬฃn, thรขฬm huฬt mรดฬ hรดi taฬฃo sฦฐฬฃ thoaฬi maฬi khi mฤฬฃc!
- Dแป dรng phแปi trang phแปฅc , thรญch hแปฃp ฤi chฦกi ฤi lรm ฤi dแบกo phแป
- Thiฬch hฦกฬฃp cho sฦฐฬฃ kรชฬt hฦกฬฃp vแปi quรขฬn jean, soฬฃt,kaki!
- Sแบฃn phแบฉm chรญnh lร mแบซu thiแบฟt kแบฟ mแปi nhแบฅt cho mรนa hรจ nรy
- ฤem lแบกi sแปฑ thoแบฃi mรกi tiแปn lแปฃi nhแบฅt cho ngฦฐแปi mแบทc
- Bแบฃng size M L XL XXL
Size M 48-55kg 
Size L 56-62kg 
Size XL 63-68kg 
Size XXL 68-75kg 
#bothethao #nam #bodonam #aothethao #quanthethao #thoitrangnam #wolmaxx #tanktop #balo #sat #nach #satnach #ba #lo #aosatnachnam #aotanktopnam #aobalo #aobalonam #tanktop"
196,รo ba lแป nam UNIFUN รo 3 lแป Tank top kiแปu lรณt form rแปng sรกt nรกch co giรฃn mแปm mแปn tแบญp gym cao cแบฅp 10 mรu,Thแปi Trang Nam,รo Ba Lแป,https://shopee.vn/%C3%81o-ba-l%E1%BB%97-nam-UNIFUN-%C3%81o-3-l%E1%BB%97-Tank-top-ki%E1%BB%83u-l%C3%B3t-form-r%E1%BB%99ng-s%C3%A1t-n%C3%A1ch-co-gi%C3%A3n-m%E1%BB%81m-m%E1%BB%8Bn-t%E1%BA%ADp-gym-cao-c%E1%BA%A5p-10-m%C3%A0u-i.297857677.3980789575?sp_atk=d944593d-291a-46f2-9526-204c0625c868,,64000,4.9,"Danh Mแปฅc
Shopee
Thแปi Trang Nam
รo Ba Lแป
Chiแปu dรi tay รกo
Khรดng tay
Phong cรกch
Thแป thao
Tall Fit
Cรณ
Xuแบฅt xแปฉ
Viแปt Nam
Dรกng kiแปu รกo
Cฦก bแบฏp
Mแบซu
In
Rแบฅt lแปn
Khรดng
Chแบฅt liแปu
Thun trฦกn
Kho hรng
46055
Gแปญi tแปซ
Huyแปn Thanh Oai, Hร Nแปi

โ๏ธรo 3 lแป Tank top kiแปu lรณt form rแปng sรกt nรกch co giรฃn mรฃ TT1
 
 
๐Lร khรกch hรng cแปงa UNIFUN, chรบng tรดi cam kแบฟt bแบกn sแบฝ ฤฦฐแปฃc:
โ๏ธBแบฃng size chuแบฉn theo sแป ngฦฐแปi viแปt nam.
โ๏ธ Hoรn 100% giรก trแป ฤฦกn hรng nแบฟu khรดng giแปng mรด tแบฃ
โ๏ธ Hแป trแปฃ miแปn phรญ ฤแปi - trแบฃ trong trฦฐแปng hแปฃp sแบฃn phแบฉm bแป lแปi do nhร sแบฃn xuแบฅt
โ๏ธ TแบถNG ngay 1 รกo thun ngแบฏn tay cho ฤฦกn hรng tแปซ 499k แบก 
๐ FREESHIP EXTRA ฤฦN Tแปช 50K. 
---------------------- 
 
 
 
ฤแบถC ฤIแปM SแบขN PHแบจM: 
โ๏ธ Trแบป trung nฤng ฤแปng , cรก tรญnh
โ๏ธรo thun nam 3 lแป ( ba lแป ) Hแปa Tiแบฟt co giรฃn thoแบฃi mรกi, nฤng ฤแปng
โ๏ธ Phong cรกch: รo thun nam 3 lแป ( ba lแป ) Form rแปng thiแบฟt kแบฟ thแปi trang, hiแปn ฤแบกi
โ๏ธ Thiแบฟt kแบฟ trang nhรฃ, cรณ thแป sแปญ dแปฅng ฤi trong nhiแปu bแปi cแบฃnh khรกc nhau
โ๏ธ ฤฦฐแปng May kแปน, tแป mแป tแปซng chi tiแบฟt giรบp chiแบฟc รกo thรชm sang trแปng.
โ๏ธ Kiแปu dรกng thแป thao, nฤng ฤแปng, hiแปn ฤแบกi phรน hแปฃp mแบทc: ฤi chฦกi, tแบญp gym, chฦกi bรณng rแป,....
โ๏ธ Chแบฅt liแปu: Vแบฃi mแปm mแบกi, dรy dแบทn & co giรฃn, phรน hแปฃp thแปi tiแบฟt mรนa hรจ nรณng nแปฑc
โ๏ธ Thฦฐฦกng hiแปu: UNIFUN
โ๏ธ Nฤm sแบฃn xuแบฅt: 2022
โ๏ธ Xuแบฅt Xแปฉ :Viแปt Nam, nguแปn gแปc rรต rรng
โ๏ธ ฤแปa chแป sแบฃn xuแบฅt tแบกi : Huyแปn Thanh Oai-Hร Nแปi
โ๏ธ Thรดng tin cแบฃnh bรกo: khรดng
โ------------------------------------
 
 
 
โ๏ธ Bแบฃng size:
Size M: Nแบทng 50-58kg ; Cao 1m60-1m68
Size L: Nแบทng 59-65kg ; Cao 1m65-1m73
Size XL: Nแบทng 66-75kg ; Cao 1m69-1m79
Size 2XL: Nแบทng 76-79kg ; Cao 1m75-1m82
โ-----------------------------------------------
 
 
 
โ๏ธ Hฦฐแปng dแบซn sแปญ dแปฅng & Bแบฃo quแบฃn sแบฃn phแบฉm cแปงa UNIFUN
Giแบทt แป nhiแปt ฤแป bรฌnh thฦฐแปng, vแปi ฤแป cรณ mรu tฦฐฦกng tแปฑ.
Khรดng ฤฦฐแปฃc dรนng hรณa chแบฅt tแบฉy.
Hแบกn chแบฟ sแปญ dแปฅng mรกy sแบฅy vร แปงi แป nhiแปt ฤแป thรญch hแปฃp.  
Lแปn mแบทt trรกi khi phฦกi trรกnh bแป phai mรu
 โ-----------------------------------------------
 
 
 
Mร Tแบข SแบขN PHแบจM:
โ๏ธ GIแบขM NGAY 50->70 % giรก trแป sแบฃn phแบฉm duy nhแบฅt trong thรกng 
โ๏ธ CAM KแบพT sแบฃn phแบฉm giแปng HรNH  
โ๏ธ Mรu sแบฏc sแบฃn phแบฉm vรด cรนng ฤa dแบกng, nแปi bแบญt. 
โ๏ธ Gแปm nhแปฏng gam mรu tฦฐฦกi mแปi giรบp bแบกn dแป dรng phแปi nhiแปu loแบกi trang phแปฅc khรกc nhau. 
โ๏ธ Tuy nhiรชn cลฉng tรนy vรo mรu sแบฏc cแปงa รo vร trang phแปฅc mร bแบกn phแปi sao cho hรi hรฒa nhรฉ!
โ๏ธ Tแปซng ฤฦฐแปng may tinh tแบฟ, chแปn chu, mรu sแบฏc ฤa dแบกng, tฦฐฦกi mรกt chแบฏc chแบฏn sแบฝ lรm vแปซa lรฒng nhแปฏng chรng trai khรณ tรญnh  nhแบฅt.
โ๏ธ Bแบกn cรณ diแปn Quแบงn Thแป Thao ฤi gym, chแบกy bแป, tแบญp thแป dแปฅc, bรณng rแป, dแบกo phแป, dแบกo biแปn , mแบทc tแบกi nhร,...cแปฑc kแปณ thแปi trang vร tiแปn dแปฅng vร vรด cรนng thoแบฃi mรกi !
---------------------- 
 
* Cแบฃm ฦกn ฤรฃ แปงng hแป UNIFUN!
Chรบc cรกc bแบกn mua sแบฏm vui vแบป ^.^
-------------------------------------------- 
 
 
 
#unifun #uni #fun #รobalแปnam #รo3lแปnam #รosรกtnรกchnam #รo #รobalแป #รo3lแป #รotแบญpgymnam #รonamฤแบนp #รogym #รothunnam #รobalแปnamฤแบนp #3lแปnam #balแปnam #caocแบฅp #chรญnhhรฃng #deal1k #aobalonam #ao3lonam #aothunnam #thunnamdep #aobalo #ao3lo #aosatnach #aotapgym #aothethao #aomuahe #tangaothun"
197,รo Ba Lแป Thแป Nam Thแป Thao Hรng ฤแบนp - รo Thun Tแบญp GYM Nam SHARK BL09,Thแปi Trang Nam,รo Ba Lแป,https://shopee.vn/%C3%81o-Ba-L%E1%BB%97-Th%E1%BB%83-Nam-Th%E1%BB%83-Thao-H%C3%A0ng-%C4%90%E1%BA%B9p-%C3%81o-Thun-T%E1%BA%ADp-GYM-Nam-SHARK-BL09-i.115862848.3547189010?sp_atk=20924085-22f0-47b7-af52-0cc2b6683fd9,,48000,4.8,"Danh Mแปฅc
Shopee
Thแปi Trang Nam
รo Ba Lแป
Chiแปu dรi tay รกo
Khรดng tay
Phong cรกch
Thแป thao
Dรกng kiแปu รกo
Slim
Chแบฅt liแปu
Khรกc
Mแบซu
Trฦกn
Kho hรng
67382
Gแปญi tแปซ
Hร Nแปi

รo Ba Lแป Thแป Nam Thแป Thao Hรng ฤแบนp - รo Thun Tแบญp GYM Nam SHARK
- Chแบฅt liแปu: Vแบฃi thun lแป kim nhแป thแป thao siรชu ฤแบนp
- Co giรฃn, thoรกng mรกt, thแบฅm hรบt mแป hรดi tแปt
- Size: M, L, XL, 2XL
- Hฦฐแปng dแบซn chแปn size:
+ Size M: dฦฐแปi 58kg
+ Size L:  58 - 68kg
+ Size XL: 66 - 78kg
+ Size 2XL: 75 - 85kg
- Quรฝ khรกch vui lรฒng chแปn ฤรบng size vร mรu sแบฏc theo hแป thแปng. Ko giแบฃi quyแบฟt cรกc trฦฐแปng hแปฃp ฤแบทt 1 mรu ghi chรบ vร inbox lแบกi lร mรu vร size khรกc. Xin cแบฃm ฦกn. 
***************************************************** 
 Hรng hoรn toรn ฤรบng nhฦฐ trong แบฃnh hoแบทc quแบฃng cรกo
  Cam kแบฟt ฤแบฃm bแบฃo chแบฅt lฦฐแปฃng cแปฑc kรฌ tแปt
  ฤแปi hรng ngay nแบฟu sแบฃn phแบฉm bแป lแปi
  Giao hรng nhanh chรณng, nhแบญn hรng tแปซ 2-3 ngรy
 IV. ฤฦN Vแป SแบขN XUแบคT - XUแบคT NHแบฌP KHแบจU โ 
Sแบฃn xuแบฅt tแบกi: Viแปt Nam โ Thฦฐฦกng hiแปuThe 511 men 
ฤแปa chแป: 272 thanh bรฌnh- mแป lao โ hร ฤรดng

โก SHIP COD TOรN QUแปC 
โก NHแบฌN HรNG TRฦฏแปC - TRแบข TIแปN SAU 
*** CAM KแบพT: ฤแปi trแบฃ hรng MIแปN PHร khi SHOP giao nhแบงm mรu, nhแบงm size ***
>>>>>>>>>>>>>>>>>>>>>>>>>>>><<<<<<<<<<<<<<<<<<<<<<<<<<<<<<<
#รกo_thun #รกo_thun_tแบญp_gym #รกo_ba_lแป #รกo_ba_lแป_nam #รกo_ba_lแป_tแบญp_gym #รกo_tแบญp_gym #รกo_gym #ao_thun #aothuntapgym #aobalo #aobalonam #aobalotapgym #aotapgym #aogym #aothunnam #aothun"
